gene	transcript	protospacer_A
OR2AG2	ENST00000338569.2	GGAACCAAATATATTATCAG
OR6A2	ENST00000332601.3	GTTAATCTGGAAATGAGCTA
OR56A3	ENST00000329564.6	GGTCTGAAGCTTCAGTGGAG
OR10J3	ENST00000332217.5	GAGTCAGCAGGTACAAAGTT
OR2A25	ENST00000408898.2	GGGCACCGTGCTGCAAGCAC
OR2F1	ENST00000392899.1	GAGTGTCCCAGTCACTGGAC
OR4D6	ENST00000300127.2	GTCGGGAACGTGTAAGTTCC
OR2D3	ENST00000317834.3	GAACAGGCAAAAATATCAAT
OR4X1	ENST00000320048.1	GTGATGGCCATGTAGTGCAA
OR6T1	ENST00000321252.2	GGAACACCAGGAACTGTATG
OR1L4	ENST00000259466.1	GATCATGTACCTACTCACTG
OR2T2	ENST00000342927.3	GCCTGTGAGGACGAAGTTAG
OR8U1	ENST00000302270.1	GTAGATGGCCAGAAAAGATA
OR4N5	ENST00000333629.1	GAGTTGAGCATCTTGAGACT
OR7E24	ENST00000456448.1	GAAGTAACTCTAAGGAAATT
OR10AD1	ENST00000310248.2	GGATGATGGGAAAAGCACAA
OR52M1	ENST00000360213.1	GATGGAGAGCCAGACGTGTA
OR2T27	ENST00000344889.3	GTGAGGGCAAAGAGAAGCCA
OR9G1	ENST00000312153.1	GGCCCAGGAACACCACGAAG
OR4N2	ENST00000315947.1	GCATTGCATAGCAGGTTCTA
OR1J4	ENST00000340750.1	GAGGAGGAGAGTGTGAGACA
OR10K1	ENST00000289451.2	GCTTCTATAAAGGAGAGTCA
OR5L2	ENST00000378397.1	GCTGCATAAATTGGAGACAT
OR52W1	ENST00000311352.2	GCTCCTGACAGGGAAGATAA
OR8K1	ENST00000279783.2	GTCACAGTGATAGGCAATCT
OR4E2	ENST00000408935.1	GCTTGGGACTCACTGATAAC
OR4C12	ENST00000335238.4	GATCACCCACACTACATAGA
OR51T1	ENST00000322049.1,ENST00000380378.1	GCCCAGGGAATGCAGTGAGG
OR1M1	ENST00000429566.3	GCTTGGCGTAGTGCAATGGG
OR51F2	ENST00000322110.5	GATTATTGAGGACCGACATA
OR12D3	ENST00000396806.3	GCAGCTCCTGAACACCAGTC
OR4B1	ENST00000309562.2	GCCACCGTGGCAAGGTACAC
OR11H6	ENST00000315519.2	Gcgcagctcaaagagtcatt
OR10V1	ENST00000307552.2	GGCATCTGGACCTCAGGGTC
OR12D2	ENST00000383555.2	GACTCCCAAGAGGAGAAATT
OR52N2	ENST00000317037.2	GAGACATGATGGCTGACAGG
OR6P1	ENST00000334632.1	GGAGCCATGAGAAATTTGAG
OR5M8	ENST00000327216.2	GATGAGAAGAAACTGCACGT
OR2T33	ENST00000318021.2	GCCCAGGAGCCAACACGACA
OR4C3	ENST00000319856.4	GAGTATTGCCTATAAAGACA
OR9Q1	ENST00000335397.3	Gtgccacacagagatggtag
OR5AP2	ENST00000302981.1,ENST00000544374.1	GGACTTATGAAAGAGGTTCG
OR13G1	ENST00000359688.2	GTCCTGCTTGGGTGATTGAA
OR4D10	ENST00000530162.1	GGAGATGGAAAACTGCACCA
OR4D5	ENST00000307033.2	GTTTGCTGGATTCATCTGGT
OR51B4	ENST00000380224.1	GGAAGCCAGTCAGCAAGAAG
OR5AK2	ENST00000326855.2	GGTGCTGTTTCCTAGTGTCA
OR51F1	ENST00000380383.1	GGGAATGCCGGTCAACAAGA
OR8H1	ENST00000313022.2	GTAAAGCAATTGAACATCAT
OR1N2	ENST00000373688.2	GGGCATGTACCTGGTCACCA
OR5M11	ENST00000528616.2	GGCTTGAAGAGCAAACTGTC
OR9I1	ENST00000302610.1	GAATGTGGCTAGGATCTGAG
OR52E6	ENST00000329322.5	GACTGGGTGTCGTTAGCTAT
OR2T5	ENST00000366473.2	GGCCAACCACACTGGAAAGT
OR1L8	ENST00000304865.2	GCATAGGGGTCTGAAGATGG
OR2C3	ENST00000366487.3	Ggatttctgtgaaatttcag
OR5D13	ENST00000361760.1	GAACCCAAGAGAATAAAAGT
OR7A10	ENST00000248058.1	GTCAGAGGAACCAGAATTGC
OR8H3	ENST00000313472.3	GGAGCGAGGCAGAGCCTTTT
OR2B2	ENST00000303324.2	GCTCTGAAATATAAGAAGTC
OR2A1	ENST00000408951.1	GGATGACGGAGTATCGGAGA
OR9K2	ENST00000305377.5	GAAGTCACAGTATACTTATG
OR5T1	ENST00000313033.2	GAACAATAGCTAAAATGTCA
OR2T4	ENST00000366475.1	GTCCAATGGCCAATATCACC
OR5K2	ENST00000427338.1	GTCTCTGAAAAAAATTGTAG
OR2T29	ENST00000328570.3	GGGTTGGATTTCATCCTCAT
OR8A1	ENST00000284287.3	GGGTGCTAGTGAAACATCCT
OR5T2	ENST00000313264.4	GAGTGAGTGGCATGAACACA
OR5C1	P1P2	GAGGAGGACGAATTCAGCAG
OR2F2	ENST00000408955.2	GGAAATAGATAACCAGACGT
OR10P1	ENST00000309675.2	GAGCTTCTGGCCTGGAGTGA
OR2T6	ENST00000355728.2	GCCCATGAGGGTAAAGCCTC
OR10G4	ENST00000320891.4	GGCTGTCACGAGGCTGGCGT
OR2T1	ENST00000366474.1	GTAAGATGATAGCATTCCCA
OR51L1	ENST00000321543.1	GCAGTCCAGGAAAACCCCTC
OR2H1	P1P2	Gtcctggcactgacactcat
OR10H2	ENST00000305899.3	GGGAGACTGAGAGGACGCAC
OR4D11	ENST00000313253.1	GACTTTAGGAGCAGTTGTGG
OR5A2	ENST00000302040.4	GTATGCAGGAAGCAGGCCTA
OR2H2	ENST00000383640.2	GAGAAGGAGGAAGCCCGGTG
OR2Y1	ENST00000307832.2	GAGCTTGTGCTCAGTATAGG
OR2T11	ENST00000330803.2	GGAAGACACAAGGACCAGGA
OR11L1	ENST00000355784.2	GTCATCACCGTGGTGAGCCA
OR2A2	ENST00000408979.2	GTCTGCCACAAGAGCATGGA
OR10H5	ENST00000308940.8	GGGCGGCCACCCCTAGTTGG
OR8G5	ENST00000524943.2	GATTGTTATTCTCCTTTTGT
OR5L1	ENST00000333973.2	GCCAATTTATATGAGATTGG
OR5T3	ENST00000303059.3	GGAATGGACTCCACTTTCAC
OR13C9	ENST00000259362.1	GGGGACATTCTGTTCACCCA
OR5AC2	ENST00000358642.2	GAGAAGAGGACGTGCAGCCA
OR5B3	ENST00000309403.2	GACCTGCAGTTCTGAGTCAT
ORAI1	P1P2	GGCTGGCAAAAGCCCCCGGG
OR2AE1	ENST00000316368.2	GGGCAGACTTCATCCTTGAG
OR4F5	ENST00000335137.3	GCCGTGCACTTACTCTTCTG
OR51A2	ENST00000380371.1	GGCACTAGAAGAAGTTTCAG
OR6C1	ENST00000379668.2	GTAATGTTACCCAGAAACTT
OR4C15	ENST00000314644.2	GATCATAGTCATTAACAAGT
OR5P2	ENST00000329434.2	GGAATCACACCGCTCTGACG
OR8U8	NM_001013356	GTAGATGGCCAGAAAAGATA
OR8B3	ENST00000354597.3	GCTCTTTTTCCTGTTTCTAG
OR4A5	ENST00000319760.6	GTTTCTCCCAAGTTAATTGT
OR8B8	ENST00000328064.2	GAGGCATTCTGTGGGGACAA
OR2M3	P1P2	GATGCTCAGAAGAAAACCTT
OR2W1	ENST00000377175.1	Gagatgatgatacaaggata
OR4K13	ENST00000315693.2	GTAGCCCAGTGAGCACCCGT
OR8B4	ENST00000356130.3	GTCTCTTGGCGAGCTGTCTG
OR5M1	ENST00000526538.1	GAAGAAACCCATACATGTAA
OR2M2	ENST00000359682.2	GGAAGAGGAACGTGTGTGGT
OR4Q3	ENST00000331723.1	GTGGCACAGTAACACAGCTC
OR51E2	P1P2	GCTGAAAGGCCAATTCCTGG
OR56A4	ENST00000330728.4	GGACAGATACAGGGCCTCAG
OR5K3	ENST00000383695.1	GGACAAGGTGGAGATGAATA
OR9A2	ENST00000350513.2	GCCTAGAAGGTGGAATTCAG
OR6M1	ENST00000309154.2	GAGAGCTGGGAAGGCAATTA
OR2J3	ENST00000377169.1	GCAGCAGGTGGCAGAAACGA
OR2B3	ENST00000377173.2	GTAGGGCCAGGAAGATGATG
OR4C45	NM_001005513	GCCTGCCAATGTGATCAAGT
OR51A4	ENST00000380373.2	GAAAATACAGATGCTTGTGT
OR14J1	ENST00000377160.2	GTTAGGAAGCCAAAGACAGT
OR6F1	ENST00000302084.2	GTCAGTACCACAATGGACAC
OR5R1	ENST00000312253.1	GCACAGTGCTGGGCAATCTT
OR11A1	P1P2	Gcacatatggggagaaacta
OR2L3	ENST00000359959.3	GAGAGCACACGAATGCCCCA
OR56A1	ENST00000316650.5	GTGTTGCTGGGTGACGCCAT
OR13F1	ENST00000334726.2	GTCCTTCTATGCATACGTAC
OR4C16	ENST00000314634.3	GATTCTGCTTGGATTGACAC
OR2AP1	ENST00000321688.1	GTGATGCTAATCAGGACCCT
OR52E8	ENST00000537935.1	GTGTGCCCAGCAGCTTTATA
OR7A17	ENST00000327462.2	GttatttattAACATagaca
OR1L6	ENST00000304720.2	GGCATGAGCAGGCAATGCCG
OR1E2	ENST00000248384.1	GATGCTCTGTCTCTCCGTGG
OR6K2	ENST00000359610.2	GAGACTTAACCCAGGAATAA
OR10AG1	ENST00000312345.2	GTCAAATGTGACTACAATAA
OR2M5	ENST00000366476.1	GCTCAGTCAACTGTTCCTCA
OR4C13	ENST00000555099.1	GCATGGGGGATCTCAGTGAT
OR52N4	ENST00000317254.3	GTTAGCATGATAAGTCTGGT
OR5V1	ENST00000543825.1	GGGAGGTGCACCATCATCTG
OR13C5	ENST00000374779.2	GTCTGTCTTACAAGCTAAAG
OR7D4	ENST00000308682.2	GTTATCAAAATTTCTCCTCC
OR7C2	ENST00000248072.3	GCTCCTCCTGGGATTCGCAG
OR3A2	ENST00000408891.2	GTAAGGACATGTCCCAGCAG
OR2A7	ENST00000493325.1	GCCTCTGTCATAGGGATATG
OR5F1	ENST00000278409.1	GTACAGTACTGGGAAATCTC
OR6N1	ENST00000335094.2	GTCACATCTAGGGACATGAA
OR4F17	ENST00000318050.3	GTGGGTCTCTCTGATTCTCA
OR4K17	ENST00000315543.4	GCCAAGAGCGAGCTGTAGGA
OR5AN1	ENST00000313940.2	GGCACTGAGCCAATGACTGG
OR2AK2	ENST00000366480.3	GAGAGCAACTGTAAAGAGGG
OR6B3	ENST00000319423.4	GAGGATGAAGGTGCCGACCC
OR5M10	ENST00000526812.2	GATTCTCTCTGATCCAGATT
OR10C1	ENST00000444197.2	GACAGTTCAACTATTTAGAG
OR51M1	ENST00000328611.3	GCATGGGTGTGTGCAGACGA
OR5P3	ENST00000328375.1	GACCATTCCCAATATAGATG
OR51I1	ENST00000380211.1	GCAGCAACACTCCAGCTGAC
OR13C8	ENST00000335040.1	GACTGTCTGGAGCTTTGGGT
OR4S1	ENST00000319988.1	GATCAGGGCAGATAATCCAT
OR2W3	ENST00000537741.1	GGAAGCAGAGAACATCCCCA
OR5B17	ENST00000357377.3	GTCCATGGAGAATAATACAG
OR7A5	P1P2	GCTCACTGGATGATTGATGG
OR2G3	ENST00000320002.2	GTAGGTGCGGATCCCCCTGG
OR10A4	ENST00000379829.2	GGCCTGAAGCTCAGTGGACA
OR10J5	ENST00000334857.2	GATGCTGGCTAGTTCAGAGA
OR51B6	ENST00000380219.1	GCCAAGAAGTATGGAGATGT
OR10Q1	ENST00000316770.2	GTGAAGACAAGTTTCCCCAC
OR1G1	ENST00000328890.2	GCAGCTGCTCAGAGAACCCC
OR2L13	P1P2	GCGGCGTCTTTGGCAGTAGT
OR2D2	ENST00000299459.2	GCTATGTGCTAACCATAGAC
OR1E1	ENST00000322608.2	GTTCTGTAACAACTTGGGAA
OR4K5	ENST00000315915.4	GGATAAGTCCAATTCTTCAG
OR4F15	ENST00000332238.4	GTGGAGTCTGAGGCAATGAA
OR10J1	ENST00000423932.3	GGTGCTTCTACTGCTTTACT
OR6C74	ENST00000343870.4	GGGTAGCAATGTCTTTATGG
OR2T34	ENST00000328782.2	GGGCTCACAGTTTCCCCCTG
OR1J2	ENST00000335302.5	GTACAAATCGATCCTCTATG
OR10T2	ENST00000334438.1	GGTGGTTACACAGTTCATCC
OR6C70	ENST00000327335.4	GAGAAATGAAGAATCATACA
OR8D4	ENST00000321355.2	GCAGCAGAGAACAGACCCTA
OR5D16	ENST00000378396.1	GAGGCCACATTCACTCTCTT
OR4X2	ENST00000302329.3	GGCAAACCCTCTGCACCTCC
OR2Z1	ENST00000324060.2	GAGGAAGAACAGCTGAACTA
OR1L1	ENST00000309623.1	GTCGAGAGGAGAGTCCAAGG
OR13A1	ENST00000553795.1	Gcaggtaaacttacactcaa
OR2A14	ENST00000408899.2	GCATGCTCTTGTGGACATCT
OR56B4	ENST00000316529.3	GCTGGAGTCATAGGTAACAC
OR8D1	ENST00000357821.2	GGCAGTGAGGGTCCATGTTA
OR1D5	ENST00000575751.1	GGGCTGTGACATAGTGGAGG
OR13J1	ENST00000377981.2	GGAGCCGCTCAACAGAACAG
OR6C2	ENST00000322678.1	GTTATCCTGCTGGGACTGAC
OR52D1	ENST00000322641.5	GGGGATGGCAATCCAGAAGT
OR4C11	ENST00000302231.4	GATTAACACAGGATCCCTTG
OR6C76	ENST00000328314.3	GATTATCCGTCAGACCCAGA
OR1I1	ENST00000209540.2	GTGTATGGTCTGTGACTAGT
OR8G2P	ENST00000366149.3	GTTCCTTTGGTCAGTTTCTA
OR4A16	ENST00000314721.2	GCATTAGGGAGCCCAAGGAG
OR51S1	ENST00000322101.2	GCAGGTTCCAGAGTTCAACG
OR2G6	ENST00000343414.4	GCACACACGAGAGGTTGCTG
OR5K1	ENST00000332650.5	GACAGTTATTTAGGTCTCTT
OR4C6	P1P2	Gcaagaaagagaggatctgt
OR2T35	ENST00000317450.3	GGTCAGCATGAACCCATCCA
OR5A1	ENST00000302030.2	GAATCCCAGGAGGATGAACA
OR13A1	ENST00000536058.1	GCAGAAGCTTGAGTGCCCAA
OR10H1	ENST00000334920.2	GCCTGGGGTGAGATGTGACA
OR52L1	ENST00000332249.4	GCATTATCAATGGCTTGGAG
OR4K15	ENST00000305051.5	GTCATTCATCGATTTTGGAA
OR4K14	ENST00000305045.2	GACACCAAGGAATAGTTCTG
OR8H2	ENST00000313503.1	GAGAAAGTGTCAGTCCCATA
OR1L3	ENST00000304820.2	GTAGGTGAGTACAAGTCCAT
OR6C6	ENST00000358433.2	GTGGGTCATCTGTCAATCCT
OR5AU1	ENST00000304418.3	GTGAAGATGAGTCTTATTGA
OR1F1	ENST00000304646.2	GCCTGGGATCCTGGACACAG
OR51B2	ENST00000328813.2	GGGCCACATAGTGTATCCAC
OR7D2	ENST00000344248.2	GGGAACAGCCCAAATATGAA
OR56A5	NM_001146033	GTAGATGGTGATCAGAAGGG
OR51G1	ENST00000321961.2	GTACATGGGTCCATGGAGAG
OR5M9	ENST00000279791.1	GACCTGTCGTCAGGAGCTAC
OR13D1	ENST00000318763.5	GGCAGGTGACCTAGAACACA
OR7G3	ENST00000305444.2	GGGAACAGCATGAAGAGGAT
OR4D9	ENST00000329328.3	GTCGGGACTGAGTAATTCCC
OR8J3	ENST00000301529.1	GGGCTCCTGAAAATTTCACC
OR9G9	NM_001013358	GGCCCAGGAACACCACGAAG
OR8S1	P1P2	Ggttaaagagtacatagtgt
OR6V1	ENST00000418316.1	GCCCAAGAGGACAAATTCGG
OR2B11	ENST00000318749.6	GAGAAGGATGAAGGCTTTAG
OR4M1	ENST00000315957.4	GACTCTAGATAAATGCTATG
OR52J3	ENST00000380370.1	GAGGCCCGGAGATCCACATG
OR10R2	ENST00000368152.1	GCTGCCAAGATCTGCAAAGG
OR1N1	ENST00000304880.2	GTGGAGGCGCTGATATTCCT
OR2T3	ENST00000359594.2	GCTGGCTCAGTTTCCCCCTG
OR10G2	ENST00000542433.1	GGAGGCTTCTTAGATTTGGG
OR52A5	ENST00000307388.1	GAGACTGAGCCATTGAATGT
OR3A1	ENST00000323404.1	GAGCCAGAATCTGGGGCCAA
OR7C1	P1P2	Ggaatccctggtcagaccta
OR2A5	ENST00000408906.2	GAACGCAGGTACTGTCACAA
OR52I2	ENST00000312614.4	GATGTGTCAACAAATCTTAC
OR5AS1	ENST00000313555.1	GCAACAAATAGGAACTCAGT
OR1Q1	ENST00000297913.2	GAGAACAAAATGGGACACAC
OR4F6	ENST00000328882.4	GGAGTTGTCACAGCCGACAG
OR3A3	ENST00000291231.1	GGCCAGAAGCTGGGACCAAT
OR51D1	ENST00000357605.2	GGGGTCTAGGAAAGTAGAAA
OR1A1	ENST00000304094.1	GAGGATGAATTCCAGTGTAG
OR8I2	ENST00000302124.2	GGCCTTAGGTGTTACAGTAG
OR13A1	ENST00000374401.2	GCCACCCAATCACAATAAGT
OR2W3	ENST00000360358.3	GTAGAGATGGATGGAACCAA
OR4K1	ENST00000285600.4	GTAACTGAATATTGGATACA
OR4M2	ENST00000332663.2	GAAAGCAGTGATATAACTCT
OR1A2	ENST00000381951.1	GTCATCCGTAACCATCCCTA
OR2L5	ENST00000355281.1	GTCTTCTTCATGACTTTTGC
OR1B1	ENST00000304833.3	GGGAGAGTGTGAAGCATTAG
ORAI3	P1P2	GGCAAGAAAAGCAGCGTCTG
OR51G2	ENST00000322013.3	GGGGATGCCACTCAGCAGGA
OR8G1	P1P2	GTTTGTGCGTCAGCTCATAT
OR9Q2	ENST00000311591.3	GTCCAGTGGTTCACCTGCAA
OR5K4	ENST00000354924.2	GCAGCTGAATTCATCCTCAT
OR6K3	ENST00000368145.1	GGGTAGCTCTACTAGAAATA
OR9A4	ENST00000548136.1	GTAGATTTCACAAGGAACAA
OR2A12	ENST00000408949.2	GGTCCACCTGGAATCCCAAC
OR52B4	ENST00000408920.2	GAGCAGGCTGTTCCCAAGAA
OR5D14	ENST00000335605.1	GCTGCTTGAGAACTTGGTAA
OR52B6	ENST00000345043.2	GAGGGCGCTGCATAAAATCA
OR5W2	ENST00000344514.1	GGCCAAGAATACAGCAAATA
OR6Y1	ENST00000302617.3	GGCTGGAAGGCTGGTCGTGT
OR5J2	ENST00000312298.1	GAGATTCCTCAACAAGGTAA
OR51A7	ENST00000359350.4	GGGGATGGAGAACCAAATGT
OR52K1	ENST00000307632.3	GTGTGTTGAGGTGATATTAG
OR2M7	ENST00000317965.2	GGTAACAGGCATATTCATCA
OR10A5	ENST00000299454.4	GCTGGAGAGAGATTCTTGAT
OR5D18	ENST00000333976.4	GGGACCACGTTCACCCTCTT
OR8K5	ENST00000313447.1	GAAAGGGGAATCTGCAGCTC
OR10G9	ENST00000375024.1	GGCTGTCACGAGGCTGGTCT
OR51B5	ENST00000300773.2	GAACCCAGGATGTCGTCCAG
OR10G8	ENST00000431524.1	GACAGGACATGACCCTGTAG
OR10A2	ENST00000307322.4	GTTCCTGTAGCTATAAGTGT
OR4F17	ENST00000585993.1	GTAGTAAGTCTCACTGAGAT
OR52N5	ENST00000317093.2	GGAGGAGTCACATGAATTGT
ORAI2	P1P2	GGCGCCCAGAGGATCAGGGT
OR2K2	ENST00000302681.1	GGAGAACCACTTCTAACCCT
OR6Q1	ENST00000302622.3	GTATACCAAAAACTGGACCC
OR2C1	ENST00000304936.2	GCATTCACCCCGTCCATCAC
OR10X1	ENST00000368150.1	GGAATTCCTTCAGGATTGTC
OR1D2	ENST00000331459.1	GTAGGACCCAACACAAGGAA
OR8J1	ENST00000303039.3	GTGGAAATTCATCTGTTTGG
OR2V2	ENST00000328275.1	GACAAGGTCAGCAGTACTGT
OR2B6	ENST00000244623.1	GGGAGTGGAAACTCCAGCCA
OR1K1	ENST00000277309.2	GTATTCGCCTGGAACCTGAA
OR56B1	P1P2	GCCGAGTACCAGATCTGAGT
OR6K6	ENST00000368144.2	GGCCAGTGGGAATCAGACAA
OR4A47	ENST00000446524.1	GTATCGAGCACATTTTCGGT
OR6X1	ENST00000327930.2	GTATCAAGGGACATGAGAAA
OR2AT4	ENST00000305159.3	GCCTGTAATGAATCAGTGGA
OR10Z1	ENST00000361284.1	GACCAACGTAACCTCCTGGA
OR2A42	ENST00000391496.1	GCTTAGGATGAGAACCACAT
OR6C75	ENST00000343399.3	GCCAGTCACACTTAACATGT
OR6C65	ENST00000379665.2	GCTCTAATTGATGTCATATT
OR52N1	ENST00000317078.1	GTACATGGTACACAGTGGGA
OR52I1	ENST00000530443.2	GATGAATGTGACAGCTCTGA
OR10G3	ENST00000303532.1	GTCCTTAGCCTGAGTGGATA
OR4L1	ENST00000315683.1	GACAGTAGCACCGTAGATCA
OR4A15	ENST00000314706.3	GTCGGAGCCTACAAACAAAA
OR4K2	ENST00000298642.2	GGAATCAAGACAATGGATGT
OR4S2	ENST00000312422.2	GACAAACTTTCTCAATCTCT
OR4D1	ENST00000268912.5	GGAACCACAGAACACCACAC
OR52E4	ENST00000316987.2	GCTGCTAGGAATACCAGGAC
OR11G2	ENST00000357366.3	GGACGGTGCAAACATAGATG
OR2V1	ENST00000329365.2	GAACTAAGCCATGGGAAGAT
OR10G7	ENST00000330487.5	GAGGATGAACGCTGTCAGTA
OR4N4	ENST00000328795.4	GTCTTTTATTGATATTCTAC
OR52A1	ENST00000380367.1	GAGATATTTAGCAGGTTGAG
OR52E2	ENST00000321522.2	GGTTGAGAGACCCACATCAG
OR10A6	ENST00000309838.2	GGGTCACCAGATAAATAACC
OR2T10	ENST00000330500.2	GGCGGCCAGGGTGTGAGATC
OR6C3	ENST00000379667.1	GATCATCAGAAAGGCCCAGG
OR5H2	ENST00000355273.2	GGGGATGTCGAATGAGGACA
OR8K3	ENST00000312711.1	GTTGGTTATTCAACAACTGT
OR7G1	ENST00000541538.1	GCTTCTCATGAAAGTGACAG
OR6B1	ENST00000408922.2	GACTCCATATTGGAGACACA
OR6S1	ENST00000320704.3	GCTGCCAGGACGAACTCTGT
OR51V1	ENST00000321255.1	GCCCATGCACAGGTCAGTGA
OR2T12	ENST00000317996.1	GAACAGGGAGGTCAAAACGG
OR51Q1	ENST00000300778.4	GGATTCAGGATCTTCACTCA
OR2A4	ENST00000315453.2	GAGTAGGAGGAACTCTCTGA
OR4D2	ENST00000545221.1	GGAAACAGGGAACCTCACGT
OR2AG1	ENST00000307401.4	GAAGTGGCTTCATTTTGGTG
OR4F4	ENST00000326183.3	GAGTGAAACGAATAACTCTA
OR10A3	ENST00000360759.3	GTTCCTCCTGAACCTATCTG
OR14I1	ENST00000342623.3	GTCAGGAGGGTGCTATCAGA
OR2J2	ENST00000377167.2	GGGTGCACACTCTCTGGAAG
OR5B2	ENST00000302581.2	GATACTGATGGAGAATTGTA
OR6C4	ENST00000394256.2	GAGAATAAACTCACCAAACA
OR6C68	ENST00000548615.1	GTTCAGGTGGGGATCCAACA
OR8B2	ENST00000375013.2	GGAATATTATCTCCAATGTT
OR5V1	ENST00000377154.1	GGGTTGAGCTCAAGCAGGGA
OR8D2	ENST00000357438.2	GAATGGAAGCAACCAACATG
OR2M4	ENST00000306687.1	GGCCCAGGACCAGAGAAAAA
OR10S1	P1P2	GCAGGGTACATAGAGTAGGA
OR6B2	ENST00000402971.2	GAGGATGAAGGTGCTGACCT
OR52H1	ENST00000322653.4	GGGATCCCTACCAGAATGAA
OR9G4	ENST00000302957.3	GCCTCCGTGGACATGGAAGT
OR52A1	ENST00000328942.1	GGCATTATGCCAAAGATGCT
OR51I2	ENST00000341449.2	GTGCTGGAGGACAAGAAATC
OR2G2	ENST00000320065.1	GACGCACTCAGTGGATCCCA
OR1C1	ENST00000408896.2	GGAAGTACATAGGGGAATGG
OR13C2	ENST00000542196.1	GTTAACATGCTCTCTCTTAC
OR2T8	ENST00000319968.4	GCCTAGGAGAATGAAATAAG
OR10H4	ENST00000322107.1	GCAGCAGGAACAAGATGGGC
OR10A7	ENST00000326258.1	GGAGGGAAACTTGCATCTCG
OR52B2	ENST00000530810.1	GCATGACGGCCAGCATTGAG
OR5M3	ENST00000312240.2	GGTGGTCTACATCATCACCA
OR5H6	ENST00000383696.2	GCCTTTGCTTCATTTTTCAG
OR1S2	ENST00000302592.6	GAGCCTGGTTGGAGAGTCCC
OR1J1	ENST00000259357.2	GTATCAGCTGGAGGGCACTA
OR10H3	ENST00000305892.1	GGAGAGGATAAATTCAGATA
OR5B12	ENST00000302572.2	GCCAATGGAGAACAACACAG
OR14A16	ENST00000357627.1	GGGGAGCCGTGACTGAAATA
OR6N2	ENST00000339258.1	GGCCAGTGTGGGCTATGTCA
OR4C46	ENST00000328188.1	GGAATGTGTGATCAGGTTAG
OR2S2	ENST00000341959.2	GATCACAGGGGAGGTCTCAT
OR8B12	ENST00000306842.2	GGTCAGGCAGGAGAGTCGGA
OR10K2	ENST00000314902.2	GGAGCGGGTCAATGAGACTG
OR5I1	ENST00000301532.3	GTCTGCAGTTCAGGGCGAGT
OR4P4	ENST00000314612.2	GGCACTTTGTTTATTCTCTT
OR5B21	ENST00000360374.2	GGAGTAACCCAAGTCTACAA
OR51E1	P1P2	GGAGGAAGACTGGACAAAGG
OR14C36	ENST00000317861.1	GAGGAGAAATTCCATCACGG
OR52R1	ENST00000356069.2	GCAAGCAGGATGAAGGACAC
OR2L2	ENST00000366479.2	GATCCTGAAGGGAGACAAAA
OR11H4	ENST00000315409.2	GGTGTTGCTGACCTGTTCAT
OR7G2	ENST00000305456.2	GCTGTAAGCAGcagctgcat
OR2L8	ENST00000357191.3	GAGCATTCCTACAATCCATT
OR13C3	ENST00000374781.2	GAAATTCTGACACAAGTGTC
OR13C4	ENST00000277216.3	GACCAGTGTTGAGGGAATGG
OR10W1	ENST00000395079.2	GAAGTGTCAAGGAATTCTTG
OR13H1	ENST00000338616.3	GTAGTGTTACCTGAAAGAAT
OR5AR1	ENST00000302969.2	GGATAAAGAAAACAGCTCAA
OR1S1	ENST00000309433.6	GTCGGCAGAAATATGCATCA
OR52K2	ENST00000325719.4	GGGCCCTGTGGAAGCAGATA
