Gene	Photospacer 1	Photospacer 2	Photospacer 3	Photospacer 4	Photospacer 5	Photospacer 6
OR1J4	GAGGAGGAGAGTGTGAGACA	GGAAGACTGTCAGCATGAAG	GGATAGTGGTGTAGCGGAGG	GCAGGGCATTGGTACAGGAG	GACACACCCTGCATAAAGAA	GTGAGACAGGGCATTGGTAC
OR10K1	GCTTCTATAAAGGAGAGTCA	GAGGGACAGAGGTAGAAACC	GAGGGCTCTGTCCAGCACAA	GAAGTACATGGGAGTATGAA	GATGGAGAGCACTTCTATAA	GGTCTTATTGACTTGCTCCA
OR5L2	GCTGCATAAATTGGAGACAT	GTGGTCACCATGTACAGCAG	GTGCACATGTGGAGTCACTG	GAGTGCAGTCATGCCCAGAT	GATGTCTCAGAAGCTGCGTG	GCTCTTGCTGCTACTTCTGT
OR52W1	GCTCCTGACAGGGAAGATAA	GACAACTTGAGGGCTCATGG	GTGTGGTGGGCACAACTTGA	GACCAGTGTCAGCCAAGTCT	GAGTTGTGCCCACCACAGAA	GGCTAGGAAGTGCCCAGACT
OR8K1	GTCACAGTGATAGGCAATCT	GTGTGACCAGATATATGATG	GTGAGGAAGAGTCCAAACAG	GGGCTGCAGGCTCCACTGTT	GAATCACACGGCAGTGACCA	GTTTGATGTATGAGCAATAG
OR4E2	GCTTGGGACTCACTGATAAC	GCCCCCCTAAGCTCATTGAA	GCTGTGCCTAAGATGTTGGA	GAATAAAGGACAGATTGCTC	GAGCAGAAAGATCTCGGCAC	GAAATTCAGTCACTCTTGTT
OR4C12	GATCACCCACACTACATAGA	GCTTACACAGAACCCCATAA	GACGTGACTTTCTCCATTAT	GTGCATTCTCCTGGTGGCAG	GAGCCTGTGCATTCTCCTGG	GTAATGGTTGTGTAGTTCAG
OR51T1	GCCCAGGGAATGCAGTGAGG	GACAGTGGGAAGGGTCGTAA	GTATTGAATATTGCCATGGT	GTCCTCCTCACTGCATTCCC	GGCTTTAAAGCTGATCTCCC	GGGATAGTAGCATAGTTCAG
OR1M1	GCTTGGCGTAGTGCAATGGG	GGTCCACGATGCCAAAGAAA	GGCTGGTGAGCCTTCAAACC	GGTTCCCCACGACCATGACC	GCTCTCAGAAAAGCCAGAGC	GTGTACCTGGTCATGGTCGT
OR51F2	GATTATTGAGGACCGACATA	GATCACTTGTAACATCTCTC	GGGGATGGAGATCCAGTACT	GATGGAGGCTCCGTTCACAG	GTCAAACCAGAAGACACCAA	GATGGAGATCCAGTACTGGG
OR12D3	GCAGCTCCTGAACACCAGTC	GTTCTTCTACTTGGCCTGAC	GCGAGGTTTACGAGCAGCTT	GTGAATGAGTTTCTTCTACT	GGCCAACAGAATACACACCT	GAGCCCTGCGACTGCACACG
OR4B1	GCCACCGTGGCAAGGTACAC	GCACCAAGGACAGGCAGCTA	GACTGATCTCCACCAAGGAC	GGAGATCTGTCTTCTCTGAG	GGAATAACTGATCTCCACCA	GAGGCCATTGCCCACCACCG
OR11H6	Gcgcagctcaaagagtcatt	GTGTCAGGAGATAGAGAACC	GCTGTGCAGTGAAATTGGAC	GCCTTTGACCATGGAAACCC	Gagattttgctaactcatgc	GTGCTTCTTCTCATTCATCC
OR10V1	GGCATCTGGACCTCAGGGTC	GAGGTCCAATACTCTACTCA	GCCAATACTCTACTCATGGA	GGTAGAGTATTGGACCTAAG	GCTAAGAGGAAAGATGACAT	GTGTGTGTGGAGCTGCTGGT
OR12D2	GACTCCCAAGAGGAGAAATT	GGAGTAACAGATATCCAGGT	GCGTAGAGTAACAGATATCC	GGAGAAAATTCTGAGCCGGA	GATGGACTCCGTGCTGCCCA	GACAGATATCCAGGTAGGAC
OR52N2	GAGACATGATGGCTGACAGG	GCCCAGACATGATGGCTGAC	GCTGTTGTCCCCAGACATGA	GGATAAAGAATCCTGGGGTC	GTATCTTGAATGGCGTTCCT	GTGCTGTCGTGGGGAACTGT
OR6P1	GGAGCCATGAGAAATTTGAG	GTCGAGGAGTTTGTCTTGGT	GGCTGCCAAGAGCCGAGGAA	GTAGGAGACTCTACCATCCT	GCATGTCGAGGAGTTTGTCT	GTGGGTCATGCAACCTACGT
OR5M8	GATGAGAAGAAACTGCACGT	GCCGGCGACTGGTCAGTCCC	GGGCATGTGGAGCCAGGCGT	GGTGGAGCCAGGCGTTGGCC	GATTTGTAATTCCCGGCGAC	GATTTCCTTCGGTGGAAGAA
OR2T33	GCCCAGGAGCCAACACGACA	GGAGGATGACCATGTCGTGT	GCCTAGGAGAATAAAATCTG	GACCATGTCGTGTTGGCTCC	GCATGTCCATGAGGGAAAGT	GATCACACCAGGGGAAATTA
OR4C3	GAGTATTGCCTATAAAGACA	GGGGCTCTCACAGAACTCAG	GAATAGAACTAATTGCATGG	GGGTATGTCCATAGATTCCA	GACACAGGGGAAGCCAGCGT	GTCAGTGACCTTGGAATCTA
OR9Q1	Gtgccacacagagatggtag	Gagatggtagagggagcgaa	Gcacagctacggcctgacgg	GGGTCTCCGGGCTTCATCCT	Gctacggcctgacggaggta	Gggaattgaagaagtgcagg
OR5AP2	GGACTTATGAAAGAGGTTCG	GCGAGAACTGGGTAGAGCAG	GCCTTGTAGATCTGGATTGT	GAGAGGCATCTACAAAAGAG	GTCTCCCAGACACGAGAACT	GTCTATATGGCAAACATGGT
OR13G1	GTCCTGCTTGGGTGATTGAA	GCCAAAAAGCCTGAACTCCA	GTAACTGAGTTCATTATTCT	GGCTGTGATTCATCCTGCTT	GAGATAATTCCCTGGAGTTC	GGCTGTGTGCACCCAGGAAT
OR4D10	GGAGATGGAAAACTGCACCA	GCCAGTGCTTTCACATGACA	GCTTGGCCTGACCCAGAATC	GGAGGATGATTGAATGGAGA	GAAGCTCACTTCCCGATTCT	GTGAGTGAAGCAATGATTGA
OR4D5	GTTTGCTGGATTCATCTGGT	GTCCACCAAAGGAAATGGTA	GAGCATCCTAGGTGCTGTGA	GGGAAGAGTAGCAAAAGTCC	GGTTCTACTGGGGCTCTCTC	GCACTATGACCACAATAAGA
OR51B4	GGAAGCCAGTCAGCAAGAAG	GTGTTGTTATACCACATGGT	GGCACTGTTGTTATACCACA	GGTCTAGCAGCAGGACACCC	GTCTTGCTGACTGGCTTCTT	GTGTAGTGAATGTCATCCCA
OR5AK2	GGTGCTGTTTCCTAGTGTCA	GTTTTACTAGCCATGACACT	GGATACACCAAAACTCATGC	GCGAACAGTCTGCATCCGTT	GTGGTGCCCAGCATGAGTTT	GGTCACTGAATTCTATCTTC
OR51F1	GGGAATGCCGGTCAACAAGA	GTGCCGGTCAACAAGAAGGT	GCCAGACATGGGCAGACTCT	GCTGCAAAACCAGGACACCA	GGGCTATCAGCCACTGATCT	GCATGGGCAGACTCTAGGCC
OR8H1	GTAAAGCAATTGAACATCAT	GTAATAACTGGGTAACGTAG	GTAGTATAAAGAGGGCCATC	GCAGGAGAAATAGTATAAAG	GTTGATAAAGCTAATCACAT	GGCCTTTTGGACATAATAAC
OR1N2	GGGCATGTACCTGGTCACCA	GTACAAGGGATGGGAAAACC	GCTCAGAGAGTCCTAGAAGG	GGCAGATCACACGAACTACA	GataaatACTGACACATGGA	GTCACACGAACTACAAGGGA
OR5M11	GGCTTGAAGAGCAAACTGTC	GCACAGAATTCATTTTACTT	GCACAAAGGCTAAGTTAGTG	GTAGCGCAGAGGGTCATATA	GTAAAACTCAGTGAGTAGAA	GGATATTAGTCGACATCTGC
OR9I1	GAATGTGGCTAGGATCTGAG	GTAACCGAATTCATTCTCAT	GGAGGGGAATCTCCAATTTG	GTGGCCACGGTATAGAGCAG	GAGAATGAATTCGGTTACTC	GCCTGACACCCCACAGACAT
OR52E6	GACTGGGTGTCGTTAGCTAT	GGGTGGCCGTAGACAAGCTC	GTTAAGAGGAGAAACACCAG	GGTCATGGAGAGCATCGTAT	GATTGACCTGAGCTTGTCTA	GGTCCTGAGGAGCTTGTACA
OR2T5	GGCCAACCACACTGGAAAGT	GTCGTCTGAAGAGTCCCATG	GAGTTGGATTTCATCCTCAT	GTGACCACACTAAGTAGAGC	GCCTATGGTTCATGAGGACA	GCATCCAGCTCTACTTAGTG
OR1L8	GCATAGGGGTCTGAAGATGG	GGGTGACCAGGTACACGATG	GCCGGGAGGAGAGTCCCAGG	GCTTGCTAGGTTCTCATGAT	GGTACCTGGTCACCATAACA	GGCTCATGGTGGTGACATAG
OR2C3	Ggatttctgtgaaatttcag	Gtctcacgatgggtcttgct	Ggggcatgatctaatactga	Ggccaaaaagaatctcacga	Gcaataagacctctctggaa	Gatctacaatccagtaaggt
OR5D13	GAACCCAAGAGAATAAAAGT	GAGCTTCTGAGACATAATAG	GAGTTTAGGTGTAACTACAG	GCACCCACTTTTATTCTCTT	GGGCTGGGTCCTATACATGG	GTAATAGTGGTATACAGCAA
OR7A10	GTCAGAGGAACCAGAATTGC	GAACTTCCTTCTGACCGTGA	GATTTTAGAATTTCTTCTCC	GTTCTTACTCTTTGTAGGAT	GGCTTTTTCTTACTCTTTGT	GACAAAACAGATGTCTACGA
OR8H3	GGAGCGAGGCAGAGCCTTTT	GCATAGTAATTAGGTATATG	GCCAACTATATTTCCTTCAC	GCACAGTTATTATGCCCAAA	GTAGAGCAGGTGAACATGAT	GGGACTGTCAGACTCTGAAG
OR2B2	GCTCTGAAATATAAGAAGTC	GTAACAGAATGAACTCCTGT	GGATTATAGCTGACAAAATC	GAGGGTGGAATCTCTAGCCA	GGTAAATAAGAGTGTCCCAC	GTTACCCAATTCATGTTAAA
OR2A1	GGATGACGGAGTATCGGAGA	GTGGAGAGTCTGCATCACCC	GCTTAGGATGAGAACCACAT	GACTCTCCAGGTCATGATGA	GCTTTTTCACAGGGAAATGG	GATCGCCTACACCCGCAACA
OR9K2	GAAGTCACAGTATACTTATG	GCATTACAAATAATCTCTTA	GGAGGAGAATGTGGAGCTCT	GATGGTAGAAACCTGTTGAG	GCCCTCAGTCACAATGAGGA	GGATCCTTCTAGGGAATGTT
OR5T1	GAACAATAGCTAAAATGTCA	GACGAACATGAGGATATAAT	GTGTATAGATCCATATCTGA	GCACTCTAATAGGCAATTTA	GTCAGGGTTGCCTTCAGATA	GTCTATCTATTCACTCTAAT
OR2T4	GTCCAATGGCCAATATCACC	GTTGGCCATCCAGGTGATAT	GCATCCAGCACTACTTTGTG	GTCTTCTACGTGACACTAGC	GTGACCACACAAAGTAGTGC	GAGACAATCCAAACATCCAA
OR5K2	GTCTCTGAAAAAAATTGTAG	GAAAAAATTGTAGAGGAATA	GTTTCTTGGACATCATGATG	GTAGAGAACTTCTTTTCTGA	GTGCTTTCTTCTGGCAGCAG	GTTTTCAGAGAGGTCAGGAA
OR2T29	GGGTTGGATTTCATCCTCAT	GCCTATGGTTCATGAGGACA	GGTTCATGAGGACAGGGTAA	GACCTGCTAGTGTCAGATAG	GCAGGTCATGGGTGTGAATA	GACAGACCCTATGGTTCATG
OR8A1	GGGTGCTAGTGAAACATCCT	GTTAAAAGGCTAATCTTGGA	GGATGTTTCACTAGCACCAA	GGGTGACCAAGTAGATCCCG	GACGGCTAGTCTTGAGCCTT	GCTCTTCCTCGGGATCTACT
OR5T2	GAGTGAGTGGCATGAACACA	GGAACAACACCATGACTCAA	GTTACCTTATTTGTACTGAA	GGAGGTAGATTGCTAGAAAC	GATTTCCCATGAGAGTGAAG	GTCTACCTCTTCACTCTCAT
OR5C1	GAGGAGGACGAATTCAGCAG	GAACTCAGAGAACCTCACCC	GCAGGAAGAGGGCCACACGC	GGCAGGCTCACCAGGTAGAC	GAATTCAGCAGGGGCAACCG	GGCACAGGCTGTGTAAGGGA
OR2F2	GGAAATAGATAACCAGACGT	GCCAGTCACTGGATAAGCCA	GGTCAGACACAGCCACATGG	GAGGTATGTGACCAAGAACA	GAAATTCTCTCACCCACGTC	GATACCTCATGACAGTGCTG
OR10P1	GAGCTTCTGGCCTGGAGTGA	GATCCCAGAAGGAGGAATTC	GGCCCGTGGGCTCAAGAGGG	GGAGCTCCACCACTGAGAGT	GGTCCTGGGCACGATGTCAG	GCTGGCCTGGAGTGATGGCT
OR2T6	GCCCATGAGGGTAAAGCCTC	GGTGAGTGAAGAGCCCCATG	GAGGGTAAAGCCTCTGGTCA	GACAATGAAACCTTGACCAG	GTGCTGGTAGATTATCTCAT	GGTGCAGGCGATGAAAGAGA
OR10G4	GGCTGTCACGAGGCTGGCGT	GGGCTGGACGCCCTCCTCTT	GGAGGATGAATGCTGTCACG	GTTGGTGTCCCCAAGCGGCA	GATGAATGCTGTCACGAGGC	GCTGCTCCCACTCATCATGC
OR2T1	GTAAGATGATAGCATTCCCA	GGGCACAACTGTAGGATCAA	GCTAGATATCAGTCTCAATG	GTCCCACAAGGGTAAGGTAG	GTTCAGCTCCCACAAGGGTA	GGCAGCAAACTTTTAAAAGT
OR51L1	GCAGTCCAGGAAAACCCCTC	GAACCCCTCAGGATAAATAT	GATGGTGGGAAGTGTAGACA	GAATTACTCAAAGTCACTAT	GAATGAACATACTCCAGTCC	GGTCTCAGTAGCAAAGGTGT
OR2H1	Gtcctggcactgacactcat	GTTAAGTCAGACTCTCTTCA	GCCACAGCTTCCCCATAGAA	GAGAACATGTGGAAATTGAT	GTCCAGAAGTTCCTTTCTAT	GAAGGAACTTCTGGACTGGT
OR10H2	GGGAGACTGAGAGGACGCAC	GTCCTCTCTTCCCCAACTAG	GATGACGGCCACCCCTAGTT	GAACGTGCTCATGAGCCCAC	GAGGGGTGGCCGTCATGCTG	GACCCCTAGTTGGGGAAGAG
OR4D11	GACTTTAGGAGCAGTTGTGG	GGTCTGCCCCACCAAGGAGG	GCAAGACCAAACTCTGGTCT	GATGCAGCTTGTATAGGATA	GAAGAGAAAACATGATTCAA	GTCTCTGCCTCTTGGATGGG
OR5A2	GTATGCAGGAAGCAGGCCTA	GTGTTCCTTCCTACAGCCAT	GTCAGACAGCATCTTAGGGG	GTGAGTGGCACAGCCAACAA	GCAGAAGACAAAGTACTGAG	GAGCATCTTAGGGGCGGTGG
OR2H2	GAGAAGGAGGAAGCCCGGTG	GGTTAACCAAAGCTCCACAC	GGGGCTTCTCTGAACACCCA	GGAAGCCCGGTGTGGAGCTT	GGAGAGTCCTTTCCAGCCCT	GCCTACCTCCTAACCCTAGT
OR2Y1	GAGCTTGTGCTCAGTATAGG	GCAGACAGGCAAAAGGCCAT	GTGCCTGTCTGAACAGCAGA	GCTGGTGTTGAAACTTCCCA	GTGTAGCTTGTGCTCAGTAT	GCATAGGTGTGTGCAGCCGA
OR2T11	GGAAGACACAAGGACCAGGA	GATGGCCCACGAGCGTCCCA	GACGGGAAGACACAAGGACC	GAGGGCAACGGGAAGACACA	GACGAGCGTCCCAGGGCAAC	GAAGAGAACACGGTCAAGAT
OR11L1	GTCATCACCGTGGTGAGCCA	GGCAGGTTGGCTAGGAGAAG	GAGCTGAAAGTTAGTCACAG	GGGGGCTCCATTGCCTGTGG	GCAGGGCCTGCCATTCAAGA	GCTACTGCCTGACCATTATA
OR2A2	GTCTGCCACAAGAGCATGGA	GACAAACCCTCATCTAGGAC	GACCCTCATCTAGGACAGGA	GACCAACCTGGAATCCCAGC	GACCTTCCTGTCCTAGATGA	GGAAAGACAAACCCTCATCT
OR10H5	GGGCGGCCACCCCTAGTTGG	GTGTCTAGTGACTCCCACCT	GTCCTCTCTCCACCAACTAG	GAGGATCTCGGTGATGGAGA	GGTGTGGTTTAGCCCCTGCA	GTAGGGGTGGCCGCCATGCA
OR8G5	GATTGTTATTCTCCTTTTGT	GTTCTTTGATGAGTTTCTGC	GAAACTTAGTCACAAAAGAA	GGACTAAGTTTATTCTGGTT	GTTTGTGACTAAGTTTATTC	GAAATGATCATATATAAACA
OR5L1	GCCAATTTATATGAGATTGG	GTCTCCAATTTATATGAGAT	GCTCATATAAATTGGAGACA	GAGTGCAATCATGCCCAGGT	GAATCAGTGCAATCATGCCC	GTGCACTTGTGTGGTCACTG
OR5T3	GGAATGGACTCCACTTTCAC	GAAACAAGGATACAATTGAA	GATCAGGTTTGGATATATAC	GCTTCAGTCTTGTTCTTCAG	GTACCTTGATAGGCAATTTA	GTCTATCTCTTTACCTTGAT
OR13C9	GGGGACATTCTGTTCACCCA	GAGAGACATTTAAATGGAAT	GCTATGTACCCATGGCTGTT	GTGTTGGGTCCTGGTTTGCA	GTTGACAATCCCTGCAAACC	GTAAAAGAGAGACATTTAAA
OR5AC2	GAGAAGAGGACGTGCAGCCA	GAGCATCCTAGGGGTTATAG	GAGGACTTACAGATCGACCA	GACGAGTATGGATATATCAG	GGAAATTGACCAGCATCCTA	GTGGGTGATGCACTCAGCTA
OR5B3	GACCTGCAGTTCTGAGTCAT	GGGAATCCAGCCATGACGAT	GACTGCTCTGGGGGACTCAC	GGCTGTCACTCCCATCGTCA	GGATGACCTTGTCTTCTATA	GAAGGGGAACGTTATAAAGA
ORAI1	GGCTGGCAAAAGCCCCCGGG	GGCCGCTGGCAAAAGCCCCC	GTCTGGTCACTGCCGCCCGG	GTCCAGGCCCCGGGGATCCG	GCCGAGCTTCCCCCAAGCGG	GGCCCCAGCACGCAGGCCCG
OR2AE1	GGGCAGACTTCATCCTTGAG	GAGGATGAAGTCTGCCAGAG	GGCAATAAGGAAGACCACCA	GTCCACTCTCTGTTTCCTCA	GTTTCCTCAGGGATTGAGAA	GTGGCTACCAACTACCTATC
OR4F5	GCCGTGCACTTACTCTTCTG	GGCATTATGGCTGTCACATG	GGTGCACGGCAAACGCCAAC	GCTCTTCTGTGGTCCCAATG	GAGTGAAACGAATAACTCTA	GTACAAAAAACAACATAAAT
OR51A2	GGCACTAGAAGAAGTTTCAG	GTTCTTAAAGTGAAAGGGAA	GAGACAGAGCCCTCCTTGCA	GAGTTTCAGGGGCATTGAAC	GGGTGTATCTCAGAGGATTG	GGGCATCCCAACCAAGAAGA
OR6C1	GTAATGTTACCCAGAAACTT	GAGAAACTTGGGTATACTGA	GAAACTCTGTTATTTCTGTA	GTGATACTCAAGCAATGCAG	GGAGCATGTAGGTGATGAGC	GCAGCAGGGTAATTGTGATA
OR4C15	GATCATAGTCATTAACAAGT	GGCACGCATCCAGGAAGGAC	GGACTATACATGATCCCTGT	GTCATGTATAGTCTGCAATT	GTAGTCTGCAATTAGGACAA	GTCTACATTGCAACTGTTGG
OR5P2	GGAATCACACCGCTCTGACG	GAGGATGAACCCCGTCAGAG	GTGGATGGCACATCCAAGGT	GGCCGCTGAACCAAGCTGGA	GAAGCTGGATGGCACATCCA	GAGATAGGATGATCATGAAG
OR8U8	GTAGATGGCCAGAAAAGATA	GCAACTCCTGATGGTCTGTG	GTCCATCTACCTCTTCACAG	GGCTCACATCAATTGCACCC	GGGGCATCTTCAACTCCTGA	GATGCATGTGCTACTCAACT
OR8B3	GCTCTTTTTCCTGTTTCTAG	GGAATATTATCTCCTATGTT	GAGAGGGGTTGCTGGAACTC	GAAGCCAAGGTTGCCTACCA	GTTTTTGTCTTCAAAAATCT	GTCTACATTGTCACCATGGT
OR4A5	GTTTCTCCCAAGTTAATTGT	GCTGTAACGAAATAGTGATC	GTATCAGAGGTGAGAGCTCA	GGTGAGAGCTCAGGGAAACA	GAAATACATTGGGGAACCCA	GTGGCCCATGCAACCTTGGA
OR8B8	GAGGCATTCTGTGGGGACAA	GTCATTTAAGGCATTCTGTG	GAGAATGCCTTAAATGACAA	GATAAACTGTGTCACGAAGG	GAGGATAAACTGTGTCACGA	GTGAGAGTTGAGCCTTATCA
OR2M3	GATGCTCAGAAGAAAACCTT	GGTATCTAATAAATAATGGA	GAATTATAGAGCTTGTCCTA	GCTAATTTTTCAATGGAGAA	GCAAAACCAGCGTATTAATT	GAAGCATACACATCATGGCA
OR2W1	Gagatgatgatacaaggata	Gggaggtagatgatgataca	GTGTATGAAGCTGGGAATCC	GTAAAGAACTATAATTGCTT	GctcctcctTTTCTCACTCT	GTCTACTTAATTACATTGGT
OR4K13	GTAGCCCAGTGAGCACCCGT	GAAATTCCGATACCACTGAA	GGATTCTCTGTGGTCTTCGT	GGCAAACCATTCAGTGGTAT	GCGTAAGACCATCTCATGGT	GGTGTGAAGGAGCGAATCAA
OR8B4	GTCTCTTGGCGAGCTGTCTG	GCTGTTCTGATAATCCCACA	GATGGTCACCATGTCCCCAA	GGGTGACCATGTAGAGCAGG	GAAGTCATTCAGCATTTTGG	GGGGATCTATGTGTTCACTG
OR5M1	GAAGAAACCCATACATGTAA	GCACTATCCCTTACATGTAT	GCATGTATGGGTTTCTTAGT	GAATGTCTACAAAGGAGAGG	GAGACAGACACAGATGTTCT	GGAAATACATGGGTGTTTGC
OR2M2	GGAAGAGGAACGTGTGTGGT	GGAAAGAAGAGGAACGTGTG	GGTAAAAAGCACATTCATCA	GGGCCACTAAAAAGATGCCC	GGTCCTGGGCATCTTTTTAG	GTCTTCTATATATCACTGTC
OR4Q3	GTGGCACAGTAACACAGCTC	GTGACTGTAAGGTAGCGCAA	GATACATAGGAGATTGGAGC	GCTGGGGGTTCATGACTGTA	GAGTAACACAGCTCAGGCAT	GATGTTTTTGCTGACAGTCA
OR51E2	GCTGAAAGGCCAATTCCTGG	GGAGCTGAAAGGCCAATTCC	GGTGAGTTAGCACCACCACC	GTAGCACCACCACCAGGAAT	GGGCCGAGCTTGCAAATATG	GTCACTGTGTCTTCAGGGTG
OR56A4	GGACAGATACAGGGCCTCAG	GacttggttaaatatAAGGG	GacatacttggttaaatatA	Gctggcatatgatacatact	GTCTAGACGTAGTAGAGTGT	GTGGGAAGCTGATCGACCTG
OR5K3	GGACAAGGTGGAGATGAATA	GTAGCTGAGTTCATCCTCAC	GAGGATGAACTCAGCTATCA	GTGCAGGTTGCCAGCTAGGT	GGCAGGAATCCATCAGAACT	GATGGTGGGGAACATTGGTT
OR9A2	GCCTAGAAGGTGGAATTCAG	GCCCAGGGAAGCCTAGAAGG	GGGACCCAGGGAAGCCTAGA	GGTGTAGTCCTTGGGACCCA	GTTCAAAACAAGCAGAATCA	GGTCCTGCTCTCAAGAGAGA
OR6M1	GAGAGCTGGGAAGGCAATTA	GTCCCATGACAACTACTATA	GACCATATAGTAGTTGTCAT	GAGTAGTTGTCATGGGAAAC	GTCCCTGAAGAAACAAGAAA	GGAGAGATATTCGAATCTCC
OR2J3	GCAGCAGGTGGCAGAAACGA	GCCAAGAAGCCACAGCCAGC	GGAGGAATGAAGTGCTGAGT	GCTGGAAGTAGTTATCTTTG	GTCAGTTGCTGGTCAATCTC	GAGTCAATGCTAGCTCTGAG
OR2B3	GTAGGGCCAGGAAGATGATG	GAGACACTCTGTAGCACCTA	GTTAACAGGACCACAAAAAG	GGGCAATGTGTCCATCATGA	GACATGGGAGTATGAAGTTT	GTATTGGTTCTGCCTAAGGA
OR4C45	GCCTGCCAATGTGATCAAGT	GATGCAGCCATTGAAGGATA	GCAGTTCTGGATTGTGAGTG	GGACGGAAAAGAGTACATGG	GTAATAGAATTCATACTGCT	GATCACCTACTTGATCACAT
OR51A4	GAAAATACAGATGCTTGTGT	GAGGCATTGGATGAAATTTC	GTCCTGGGCAAAGCAGGCAT	GGATTGAGGTGTATCTCAGA	GGGCATCCCAACCAAGAAGA	GATCCCAACCAAGAAGAAGG
OR14J1	GTTAGGAAGCCAAAGACAGT	GGGTATCTTCAGAGAGACTA	GCGACGGTCCACGGTAATGA	GCATACCTGCTGGCCTTGAC	GGAGTGGATTCCTTCTTATG	GGCTATCACTGCATGCCTAC
OR6F1	GTCAGTACCACAATGGACAC	GGGTTAAAGGGCTCAGTGCG	GTTGTTGCCTGTGTCCATTG	GGGGGTATGCAACTGATGGG	GATGGGGGTATGCAACTGAT	GAATGTGGCTATCTTGATGT