	Photospacer (same for all 3 sets)
non-targeting_00642	GGAGTTAAGGCCTCGTCTAG
non-targeting_00718	GTCCCAGGCTCTCCACTATG
non-targeting_03631	GGACGCGTCTGCAAGAACGT
non-targeting_03705	GGGCATGGACCCGCGGCACG
non-targeting_01469	GCGTCCGAGGTACTGAATAA
non-targeting_02459	GTCTGACTCTCCGTCCACCA
non-targeting_00166	GAGCCCCGCCTGGGTACGCG
non-targeting_01967	GGGCACCGCCGTTAAAAGTT
non-targeting_02577	GCTACAACCGGCGAGCGATA
non-targeting_00954	GTAACTGCTACGGCGCCCAA
non-targeting_02829	GGGATCAGTGAGGTCGGCCT
non-targeting_03368	GGGTTCGAGCCAGAGACCGG
non-targeting_02691	GCTATCCTAGACGAAAATCG
non-targeting_01981	GCTACCCGGGTAGTGGCGAG
non-targeting_01227	GGGTGGCCTGAGCTAGTACA
non-targeting_03783	GGAGCTAGGATCGAACGACA
non-targeting_01498	GCTTACGAGGGGGCGCTGCT
non-targeting_03484	GGGGTGTCGGCAACACCGCG
non-targeting_03306	GTGTACGGCCGTATGGAGCT
non-targeting_01779	GGGCCCTTGAGGCGGGCCGA
non-targeting_01298	GCTAACAAATACATCGGCAG
non-targeting_03347	GTATATACGGCGGTCGTATC
non-targeting_02578	GGGGCGCCCGGAGACTATCC
non-targeting_00518	GATTGCGCAAGCCAGGTTAC
non-targeting_01136	GGTACGCCTGCGGTCGAGTA
non-targeting_03639	GGGCCCGCCACGCCGTAACC
non-targeting_02417	GGAAAACTGTGCCCCCCTTA
non-targeting_03129	GACCGGCATCAGCCGAGGGG
non-targeting_00550	GCCCCGGCGGACAAAACCGG
non-targeting_00013	GAGAGGTCGGATACGCTTCC
non-targeting_01348	GCAGGGCGCACCGGAGGAGG
non-targeting_01288	GGAGACCGCAAAGGAAGCGT
non-targeting_02442	GGGCCTGGCCCAGACGCCGA
non-targeting_03670	GGGCTAAGGGGCCGTGTACT
non-targeting_03045	GACACCGTGCGGATGATCTA
non-targeting_02896	GTGGCGCGGGCGAAATTAGC
non-targeting_01527	GGGCCGGGGATGGTTAATCC
non-targeting_02830	GGCCCTTCCCCATTCAGTGC
non-targeting_01493	GTGTACAGCGCGGGCCGGAT
non-targeting_00652	GGTCTGCTCAAATCTAGGTG
non-targeting_00827	GGGGATCGATCCGTTGATGG
non-targeting_01460	GAGGCGCAAGCGGACGTGTG
non-targeting_02799	GCGGGAGGGCTACGGATATA
non-targeting_03479	GTAAAGTGGGGGGATGACCG
non-targeting_03552	GCTTTGCTAGCTCGAGATTA
non-targeting_02513	GCGCATCAGAATCAAGCCGG
non-targeting_01736	GGCCGAAGGATCACTACACA
non-targeting_03554	GTAAATGACGACCGTAAGGT
non-targeting_00698	GACGTCAAGGCCTGTCAGAG
non-targeting_01890	GGCCCGCCGACAAAGGTTGG
non-targeting_01684	GGCGAAAGGCGGTCCATACG
non-targeting_01831	GTGTGACCGAGAAGAAGCGG
non-targeting_01668	GTCAGTATAAGAACCCTGAG
non-targeting_02514	GCCTTGACCAAATTTTCGAT
non-targeting_03424	GCGGAAGCCGCTCGGGCCAT
non-targeting_02309	GTCAGACCCTGCTCCGACGA
non-targeting_03171	GGGACCCGGACCATGGTTTG
non-targeting_01908	GGGATCGGGACTTCGCACGG
non-targeting_00497	GCCCAAAGTGAGGACGCATT
non-targeting_02570	GAGCTCCGCTGGCAATCCAA
non-targeting_01948	GTTCCTGCGCAATTCCGGCG
non-targeting_01655	GCGCAGCGGGGTCCGAGTCA
non-targeting_02816	GGTCATTTGACGCCGGAAAT
non-targeting_03068	GCCTGAGCTCCGGATCACGA
non-targeting_00702	GCGGCAGGAACGAACCGGAT
non-targeting_01538	GGACTCCCTCGCCCTGGTGA
non-targeting_02823	GCCGGTAGCTGCACCCCCCC
non-targeting_00169	GGCGCCGGTTAACAATAACT
non-targeting_03617	GCGCAGTAGCATTGTAACTG
non-targeting_00010	GTATCGGTCTGTACGGGTAG
non-targeting_00179	GCCATGCCTCGTACAGGAGA
non-targeting_03473	GCCTCATATACGGGCCCTAA
non-targeting_01992	GCAGGCATCGCGACCAGTGA
non-targeting_00797	GCTTGCCTAGGCGCTACCAC
non-targeting_01757	GTTCCGCCCTAGGCAGACTC
non-targeting_00340	GGCCAGATCCCGCCCAGCAG
non-targeting_01550	GTTCGCCTATTTCTAACTTC
non-targeting_02433	GCAGGGCCGCGAATCGCCCA
non-targeting_02243	GCCGCCGGGTATCGACGAAA
non-targeting_00852	GCGCAATTCACCCCTAGGTG
non-targeting_02049	GATGCAAGGTCCAACTTCGG
non-targeting_00635	GAAAGCGCCTTGACAATCAG
non-targeting_03012	GTGAAGGGCATCCCTCCGAG
non-targeting_02900	GCACAGGTTACGGGCACCCT
non-targeting_02668	GGAAACAGGGAGGCGCGTTG
non-targeting_03560	GCCCCCTAAGAAAGAAGATA
non-targeting_01242	GGCTGCGCCGTCGAGAGTAG
non-targeting_02608	GAGACTCCCTTGAGGGCGGC
non-targeting_02957	GCTGCGGCAACTCCGGCTGT
non-targeting_00998	GCACAAGGACGCAAAAGACG
non-targeting_03751	GAGGCGCGCTACAGCCGCTT
non-targeting_03197	GCATGCCGGACGGTCGCCAG
non-targeting_03750	GGGGACGGGGCGGCCCACTA
non-targeting_01425	GAAAGCGGTCAAGGCATTAA
non-targeting_01833	GGGTACCGCAAGTGCGGCGT
non-targeting_02354	GGGACGGGACCCCAGCCTTC
non-targeting_03158	GACTCAGACTCTTTATCCAA
non-targeting_02293	GCGCGCCCATTCGGACTGTC
non-targeting_01679	GTATGTACAGCAGCGCGTGA
non-targeting_00907	GAACACGATCACCACAGGGG
non-targeting_00987	GCGCCCCAGGGTTGATGCGA
non-targeting_00984	GTCACCAGCGCATAAGCGCA
non-targeting_02181	GTTCCCCTGCCGCAACCGGG
non-targeting_01102	GCAATATCGGGACTTATACT
non-targeting_01524	GAACGAAGACGAACGCTGCG
non-targeting_01961	GCCAATATCGCACGCGTCGC
non-targeting_01603	GATCCTCGCCTCAGAACCAG
non-targeting_00699	GCACGTCCGCCGGATCAAAA
non-targeting_00612	GGAGCCAAAGCACGAGCGGG
non-targeting_00485	GAGGATGGCACCAGATGGGG
non-targeting_00932	GAAGTAGAGATGAAGGCCTA
non-targeting_02357	GTTGAGTTATTGTGCATTAG
non-targeting_01371	GCACCGGGAAACATCTTCCG
non-targeting_01031	GTCGAACCCGGGGTTCCACT
non-targeting_01586	GGATCACTGGCCGCAAGTAT
non-targeting_00431	GCACGGAGCGGGGTAAAGAG
non-targeting_00609	GAGCGGGCGACACAGATGGT
non-targeting_01859	GGCAGTCAAGGTCAGAGGCG
non-targeting_02840	GCGCGGTCGGAGATACTAAC
non-targeting_02332	GCGGGCATCGTGGAGCTCTC
non-targeting_03108	GGGTGGACTATGTCGATTTT
non-targeting_02237	GGACGTCACGTGACCTCAAT
non-targeting_02198	GAACTGCTAGAAGTTCGTCC
non-targeting_02729	GGATTCGCCGCGGTCAGGGC
non-targeting_03454	GTCCAAGAGTGGACCGCTGG
non-targeting_02811	GAGAGTGTAGATACGTTGGT
non-targeting_01206	GGTACTCCGAACAGCCGCTA
non-targeting_01341	GCGATCCGGGGCGGACCCAA
non-targeting_03394	GGACGGCTGATGACCTATCG
non-targeting_00341	GGTGATGGGGCACGACATCG
non-targeting_01914	GCTAATGTAAGAGGCCTACG
non-targeting_02223	GGGCGGAGGCGTAAGTGGTT
non-targeting_02227	GGGGTGGGACACTGCTCTGC
non-targeting_02778	GGTGACCCGAGGCCGAGCTT
non-targeting_00352	GAGTCGGTGAACGAGGCCGG
non-targeting_00215	GTCCGCCGAGTCTAAACTTC
non-targeting_02567	GGACGTAGGCATCGTAGCAG
non-targeting_00316	GAACGGGGGGGGCCCTTCGG
non-targeting_01499	GTTCGGAGGGAGACCGAAGT
non-targeting_02468	GATCAGTCCGTGCCCGGCTC
non-targeting_00771	GTGCCTCAGGCCCACAACGG
non-targeting_03679	GGGCGGGCCGGCGAGCGAGA
non-targeting_03483	GCTACTCCTCGCCTAAACCT
non-targeting_02432	GCGCGCCGCCGGTCATGTGT
non-targeting_02272	GAGGGCCCGCGCCGAAGGGC
non-targeting_02465	GAACCTCCTCCGCCACGATA
non-targeting_00934	GATGCGGCGAACTGCCGTAA
non-targeting_00539	GTGGAACCGCGACAGGCCCG
non-targeting_03345	GGCAGCCCGGGGCCTCTAGC
non-targeting_01355	GCCGATCTCGGTCCCCCATA
non-targeting_03426	GGAACATACGGAGATCGTGA
non-targeting_03762	GCTAGGTAGAGTCCTAGAGG
non-targeting_00886	GTAGGATGCGGGCTATACAC
non-targeting_00021	GCCGCTCCATCAGACTTTCT
non-targeting_03323	GTGCGAACCGGTGTCAACTG
non-targeting_00756	GCGCCTCGCGAGCGATGTAA
non-targeting_03290	GTGGCCTTCACGCCCCAAGC
non-targeting_02515	GCACACCCTTAACACCCCGA
non-targeting_03713	GCCGCGACCGGGCGCCGCAT
non-targeting_03761	GGCGGGTGAGAGCACCGTCA
non-targeting_03530	GGTGCGTGACGCTACTAGGA
non-targeting_00659	GGGCGACTCACACCTCCCGA
non-targeting_02057	GCCCGGGGGCGAGATGAGCT
non-targeting_01373	GCCGTATGTGTGTGGGCCAA
non-targeting_00517	GTCCTAGAGGCTCTATAGCC
non-targeting_00787	GCTTGGTTCGAGGCGAGATT
non-targeting_03319	GCCACCCCCGAGGAACGTCG
non-targeting_01976	GAAAAGCGGCGCAGTATTTG
non-targeting_01177	GGTCTAGCTACAGGAGTCAG
non-targeting_01107	GTCAACCCGCTTTCCACGCA
non-targeting_02202	GGTGTGCCGTGGCTGGAAAA
non-targeting_00559	GGCCCAACGCTTTTTAGATT
non-targeting_02602	GGTAGGTCCGCAGATTATGT
non-targeting_00164	GAGTCACGCGGCTCCCATCG
non-targeting_01296	GTTCCCCCATTGAATACTTA
non-targeting_01044	GACGCCCCTGCAAGCGTGGT
non-targeting_02466	GCACGGGCGTTGTCGACTCC
non-targeting_00148	GGTATGGAGGATCTTCGTGG
non-targeting_03624	GGCGCTGACGTACGTAGCAT
non-targeting_02364	GACGCACGCAGCGTTCGTCA
non-targeting_02401	GAGCCAGCATGCTCACGCCT
non-targeting_02085	GGGTCGCACTGGGAACAACA
non-targeting_00446	GGCCGTGACAATCACAACTA
non-targeting_03238	GGGCGGCACCCTGCCCCGTC
non-targeting_01431	GCGCACCTTGGTCTATTGAT
non-targeting_00018	GGTCGCCGTAGGGTCCGCCA
non-targeting_01999	GCAATGCCGCATCTTCAGAG
non-targeting_00326	GCTGGGCCTGGCAAATTGAA
non-targeting_02787	GCGTCGGCGGGCGCCCACTG
non-targeting_01401	GTGGTTGGGCGGGTAGACGT
non-targeting_00611	GACCAGGGTATGGCAGCTAG
non-targeting_00503	GGGTCTCGCGAGGTTCACAG
non-targeting_03398	GCAAGAGGGACACAGGCAGT
non-targeting_03063	GTGATTCGCAATGCACGGTT
non-targeting_02100	GCGGGGGCCACGGCGGTAAG
non-targeting_03449	GGCGAAGGGCCAACTCATGC
non-targeting_03471	GAGCAACGTGTACCGCGGGG
non-targeting_01666	GCCAGGGCGATGAGCCAGCA
non-targeting_03273	GGGCACGGGAACGAGGTGCT
non-targeting_00696	GGCAGACCGTCCCTGATCAA
non-targeting_03358	GACTGCAGCGGTCCCCAGCG
non-targeting_03223	GCCCTCAGCAGCTCATGCGG
non-targeting_03231	GGCCATGGACGTGTCGATGG
non-targeting_03006	GGAATTCACACCGCAGATCG
non-targeting_01349	GGAAGTGGACTGCACTGCAA
non-targeting_01101	GGTCCGAGACAGGGGCACGA
non-targeting_02242	GCACAGACGCGGAATCCAAA
non-targeting_01339	GGGGGACCCTCCAGAAAAAG
non-targeting_02126	GGTTCGAGCATGCATCGCTA
non-targeting_01957	GGGACTCACGGTGTCATCGG
non-targeting_00634	GCCTAGGCTTGTATGAGAGG
non-targeting_00496	GGGGTCGTGGACACACGGTG
non-targeting_01955	GCGCATGGTATTGGCTTCCG
non-targeting_03475	GGAGGGCTCCCCTAAAATTC
non-targeting_03553	GTTGAAGCGAAACCTTCCGG
non-targeting_01053	GAGCGGGCATCAGAAGCGCA
non-targeting_00037	GACGTGTGTTACGGGGGGAA
non-targeting_01933	GCGCGGGGCAAAAGGGCAGG
non-targeting_01130	GCCGTCTACAAGGGGGCTAG
non-targeting_02537	GAACACGGGCCCACCTGCCT
non-targeting_02498	GCCCCCCCCTAAGACTGGAA
non-targeting_02002	GGGTAGCTAGACTCTCGCCC
non-targeting_02654	GGGGGCTGGGCCGTTGAATT
non-targeting_01525	GACCTGTAGACCCGACTGAG
non-targeting_01801	GCCGAGACCCCTGAGATATC
non-targeting_02524	GTCCTGCTGAACCGACTCAG
non-targeting_02694	GCCCGGCCAGATCGAAGAAC
non-targeting_01826	GAGCGCGCTAGGGTCCCTGT
non-targeting_03315	GGGGCGAACGTGCCATGCTG
non-targeting_02937	GCTGAGATGACTCAACCACG
non-targeting_02216	GCGCTAACGAGGAGCTTCGG
non-targeting_00823	GACGGCTGCCAGGATCTCTA
non-targeting_03240	GGCTCAATGAACGCTGATCG
non-targeting_02095	GGAGGGGTCTTTGGCGTAAA
non-targeting_03753	GTTACACCGGCCAGAGATGG
non-targeting_01155	GCGCCTCGGTACGGAGCGAG
non-targeting_01786	GGCCGTCTACGAATAGTAGG
non-targeting_01581	GCGTAAGCAGCCCATGGTTG
non-targeting_00296	GTCAGAGAGATAAGCTATCG
non-targeting_02119	GGTCCACCATCAATACTAAA
non-targeting_03049	GCTGGGGCGAGGTGACCCAT
non-targeting_00492	GGGTTGCGGGGGGCTCTTTT
non-targeting_03500	GACCCGGGAATTCACCACGG
non-targeting_03523	GGCCCCCACTCCTACATCAA
non-targeting_01311	GGGTTACCGGTAACTCAATC
non-targeting_03027	GGGAGAGTCGACCTCTCTTT
non-targeting_02595	GTGATTGCGTCGGTAGCGAA
non-targeting_00183	GGGGGAATCTGCAAGACCAT
non-targeting_01721	GAGATGATGTAAGAAGGCGG
non-targeting_03715	GCCGCTCGGAGTCAACGTAG
non-targeting_01869	GTCGGCAAAAAACACGGCAG
non-targeting_02030	GTAGCAGGGGGGTACTTCAG
non-targeting_01615	GCCTGAACCGACCTACGAGG
non-targeting_02960	GTCCACCATCGGAGACAACT
non-targeting_01759	GGAGAAAGGTGCACTGACGA
non-targeting_00692	GATCCGCAGATGGAGGGGAT
non-targeting_03549	GTAGGCCTCTACGTGTAAGA
non-targeting_02999	GTCGGGTCTGAGCCATAAGG
non-targeting_02074	GGGAGTAGAGTAGAACTGCT
non-targeting_02989	GGGGCCCGCTTGCGATACTC
non-targeting_03205	GCCTGCGAGCGAGGCGCGTA
non-targeting_00227	GCGTGACATGCCGATCCCTG
non-targeting_01879	GCAGCTGGGGCGCAACGAGG
non-targeting_02736	GGAGTGCGCGGTCTACTAAG
non-targeting_01989	GGACAGAAACGACTCCGGAA
non-targeting_03700	GATGGGCGTTATTAAAGGGA
non-targeting_03491	GGGATTGAGGTACTCGAGAG
non-targeting_00158	GCTCGTAAGGAGGATATGCG
non-targeting_02996	GAGCCCGCAGGCACGACCCA
non-targeting_00081	GTCCCGTTGAGAGAGGACAC
non-targeting_02643	GAAGCACTTCCACAGGATCG
non-targeting_01903	GGGGCGAAGCGCCACATCAG
non-targeting_03342	GTCCGGGATGAGACATGCTG
non-targeting_01725	GGGGCGGCGTCGCTTCACGG
non-targeting_01245	GCGTGCCAAGGGGTTAAGGC
non-targeting_02607	GGATCGCGCCACGAAAATAG
non-targeting_03514	GCTTTGTTGGCCTGGCGTCA
non-targeting_02766	GGCGCTGCGACATTCCCCCT
non-targeting_00347	GACAGGATCAGTGAGCTAAA
non-targeting_03572	GGAATTCCGGCGATAATCGG
non-targeting_00474	GCACGCGCTTAAGTTAATAT
non-targeting_00881	GGTGCAGCGCGACGAAAGGA
non-targeting_03246	GCGGTCCCTATGCTTCCATG
non-targeting_02467	GCTGTTCGCCCTAGCTTCAT
non-targeting_01570	GTAGGGCCTAGCGAAAGCCG
non-targeting_02520	GTACCAGCCGCCAATTAACG
non-targeting_03605	GCACCGCAGGCCCAACCTAA
non-targeting_00923	GCACCGAGAACAATTGACCC
non-targeting_02879	GCTCACGGCGGCGTGAAACA
non-targeting_00412	GGGCGGCGCACCGAGTCGAC
non-targeting_00271	GATACGCTACGTAGCGAAAA
non-targeting_00749	GTGTGCCACTGTGGGACCGG
non-targeting_03756	GGATGACCGGAACTCCACTA
non-targeting_03216	GACCCACGGTCGACCGTGTT
non-targeting_02027	GCCAGGATCAAGCCGTGACA
non-targeting_01190	GCGGGCGCCGCGAAATGCGA
non-targeting_00610	GCAACGTAGATCGCCTCCTG
non-targeting_00509	GTAAGCTGGACGCAAATGCC
non-targeting_02196	GGGAGGTGAGCGCTCCGCTT
non-targeting_02794	GGGCACCGCTGGGTGAACGG
non-targeting_02496	GGGCGTCTACCAAGCCTCAT
non-targeting_00484	GCTTGGCCCCGGGTGACTGG
non-targeting_00544	GCAGACCAGTGCGTGCCGAG
non-targeting_01142	GGCGCCTTCCGAGCGGTAGA
non-targeting_02764	GGTGGCGGAGGCCGTCGCTG
non-targeting_02154	GAGTCCGACTCACCATTAGG
non-targeting_02600	GATTTGCAGCGGAGTCATCA
non-targeting_01012	GGAGTTCCGTGCCGCCTGGT
non-targeting_03035	GCAGACCACAACGGACGCAA
non-targeting_01294	GCCGCCTGTAATCACCCGCG
non-targeting_00047	GTACATTGCTCTGGGGCGTA
non-targeting_03219	GCCAGGGCTCCAGGCCGACG
non-targeting_03614	GGAACTCAATAGTGAGAGCG
non-targeting_00545	GGGACTAAGGGCGCCTAAGA
non-targeting_00131	GCGCGTCGTTACAGGGGCGG
non-targeting_02741	GGCTGGGTAGTCAAAGTCGG
non-targeting_00026	GAGCCTCTTGGTTCCATGGA
non-targeting_00516	GAGGGTACGCGCAAGAGTAG
non-targeting_03478	GGATGGGCTCGCCTGGCCAG
non-targeting_01946	GAGCCGGCAGGTCGCTTCCA
non-targeting_00940	GTCCGACGGGTGCCGTGTCT
non-targeting_01939	GAGCGTGGCGTCGCAGTTGG
non-targeting_02488	GTCCTCGGGGTCCCGGGCAT
non-targeting_01572	GGCTCAATCCAGCGCCGATC
non-targeting_01855	GTTGGGGCTAGGATCACGTA
non-targeting_01382	GCCGTCGTCGCATACGGGAA
non-targeting_01744	GGGCTGACGTGGATCCCAGC
non-targeting_03616	GGGAGGCTTGCCATCAACGA
non-targeting_01089	GCGAGCTGGGAGTGAAGCTC
non-targeting_01593	GATTCCCCCAGGATGGTGAG
non-targeting_02633	GGGAGTACTATCCGTGGCGG
non-targeting_00582	GATAGCCAGCCGCCCAAAAT
non-targeting_01376	GGGGGTACCACGAGGTGCAT
non-targeting_03581	GCGCGCACAGTCGGTAACTC
non-targeting_02262	GGGCAGAAGCTTACAATCCG
non-targeting_02244	GCAAGCCCGCATACGAGCAA
non-targeting_02178	GGCCCGCCTAACGCAGAACG
non-targeting_01018	GAGGGCAACGAATAGTTCCG
non-targeting_03629	GGGAGGGCAGCCGGATATTT
non-targeting_03623	GAACAGTTACAAGAGGCTCG
non-targeting_02421	GTGTGCGCCGAGGCACGTAC
non-targeting_00999	GCTTGAATGGCTCCACCTAA
non-targeting_00407	GGAGACAACAGCCGGCTCCC
non-targeting_02573	GGGTGCAGGGAAGGTTCGGC
non-targeting_03097	GAGCAGGTCGAGGGACGAGG
non-targeting_03141	GCCCCGGGTACACGCTCATC
non-targeting_01822	GCATGCAGGGTTCCAGAAAA
non-targeting_00709	GATGGGCAAGAATACGCCAG
non-targeting_02628	GCATCTTTGCGCCTCGATGG
non-targeting_02385	GGTAGAAACGCCTACTAGCA
non-targeting_02803	GAAAGCGACCGAGTCGCTGA
non-targeting_03674	GTGCGGCCAGTCGGCAACTG
non-targeting_01806	GGTCCCATCTGGACTCTGCG
non-targeting_03691	GCTATTCCCCCTGCGATGGG
non-targeting_02580	GGACCGCTGCCAACGGAGGT
non-targeting_01958	GCGCGGCCGTGCTGCAACGC
non-targeting_01528	GCTTTATTACCGCAAGGAGA
non-targeting_00445	GGAAGGACCCGGCGCCACTT
non-targeting_02923	GCCCCCGCGATCACCGTAAG
non-targeting_01922	GCGCCGAGGGTTCTATGCTG
non-targeting_01681	GTTGCGACTGCGGTCATCTG
non-targeting_00811	GCGGAGGTTGAGGGCCAAGC
non-targeting_00205	GTTCGCACCGGCCACCACAC
non-targeting_00903	GCGCCAGGGCGAACCTTCCC
non-targeting_02443	GTTAAGAGCTCAGACGGCGG
non-targeting_02773	GGCGAACAGCGAGGGCCCCT
non-targeting_03060	GACTCAGAGCAATCCGGTAG
non-targeting_01034	GTCAACCAACCCTCCGGCTC
non-targeting_02455	GACGATCCAGGCGATCGCGA
non-targeting_03627	GAAATGTTTCACGATGACAG
non-targeting_01669	GGGTCACACACCGCCGGAGG
non-targeting_03370	GGCCGGATAAACACGTAAAG
non-targeting_01403	GTGGCGCCTTCGGACTACGT
non-targeting_02705	GTGGCCATGTGCCGAGGGGT
non-targeting_00020	GAGCCTAACGATCGGACCGA
non-targeting_01209	GCGTCACGTCAGCCGTACGT
non-targeting_02446	GGCTGTGGGTCGTCTGGTAG
non-targeting_02877	GCTCCGCGACGCGAACCTGA
non-targeting_02983	GTAGACGTTCAGGTCACAAG
non-targeting_02894	GCGCCTCAGCGTGACCCGAG
non-targeting_00963	GTAGGGTCTGCCGTACACGC
non-targeting_02200	GGGTCCGGTGTCAGAGAGCG
non-targeting_00289	GGTACAAGTGCCCACAAGTG
non-targeting_02312	GGCGGCACCCGACTTAGCTG
non-targeting_01047	GCAGGTGAGCCTGTGTCGGA
non-targeting_03758	GCAAAAGAAACGAATAACGC
non-targeting_00620	GTAGTGAGCCGCCTGCCAAC
non-targeting_02510	GCGGGAGAGGACACTAGAAC
non-targeting_03482	GCCCCAAAGGAGGGCCGTCA
non-targeting_03591	GGTCGTGGCCCCGGATCATG
non-targeting_02484	GACCCCGCAACACCGCAAGG
non-targeting_03001	GCCCTCTGAGTATCCCGCGG
non-targeting_01117	GCGGCAGCGGCCCACGAGAA
non-targeting_01241	GCGGAACTGACAGGAAACAT
non-targeting_02276	GTTGGCCTTGGTCGGGAGAA
non-targeting_02872	GAACACTACAGGCGCTACGG
non-targeting_02314	GCCCGTAGGCGAGGAACCGT
non-targeting_01451	GGGGAACGCGACGGAACCCA
non-targeting_01368	GAGTAACACAGGACGAGCTT
non-targeting_02260	GACGGCGAGATCAATTGAGT
non-targeting_01778	GTTGCCTGTCGGACCGGGTG
non-targeting_00784	GGTGATAGAGCGTGGCCACA
non-targeting_03740	GTAATCCCCGTGATGCTCCT
non-targeting_01215	GCGGCGGTAGCAGGCTCGCA
non-targeting_02396	GAATCGCCCAGCCAAGGCGC
non-targeting_02010	GGGACAGGGCGTCAGAGAAG
non-targeting_03296	GCGCGCAAGGCGACCAGGCG
non-targeting_02004	GACTCCACGGACGTAGTGGT
non-targeting_01218	GGCGCCTGTCGCCCAGTGCA
non-targeting_00298	GGTCGCCGTGCGCCTACCGA
non-targeting_02487	GTGAAGTTGAGTACCGAGAG
non-targeting_02478	GTCCAATAGGGATGTATGGA
non-targeting_00629	GGTTGGAGGGCTTCATGCGG
non-targeting_01326	GGTACAATGTCTTGTGGTCA
non-targeting_01942	GGTTGTGCGGGCAGATGAAA
non-targeting_01332	GCCGAAGCTCAAGCGTAAGA
non-targeting_00327	GGTCAGGGGTTTGGTCGGCA
non-targeting_01185	GTAACTTATAGACACCGCTG
non-targeting_03284	GGGCCGAGGCGGCACTTTTA
non-targeting_02080	GTCGTGGGGACTCTTAATGG
non-targeting_02093	GTCGAGCCGCGGCGTGCGCG
non-targeting_02836	GTAATCGTTCGAGATAACCG
non-targeting_02461	GTTGGCGAGCATGAAGAAAC
non-targeting_00962	GCCGCGCTCTGCAAGGAAGT
non-targeting_02456	GGTTCACTGTTTCAAAGTAG
non-targeting_00324	GACAAGTCTAGGGCCTCCCC
non-targeting_00803	GACCAAACCAAATGAAGGAC
non-targeting_02233	GAGCGGCCTCAGCCGCACTA
non-targeting_00862	GGCCACAATAGGCGGTGCTC
non-targeting_01236	GACAGGGACTCGGCAAGAGA
non-targeting_01763	GGTGATATCCTACGGGATTA
non-targeting_02542	GTTGCAGGGGAGCTAGCTTC
non-targeting_02597	GCGGGTCGATCCTGCGGTGG
non-targeting_01224	GGCTCCCGCGATCGGGGACA
non-targeting_00977	GCCAGGCGCATAGTAATCGA
non-targeting_03486	GGGTGCGGGGAGTCTTATAC
non-targeting_03768	GGCAGACCCCCTACGGAGGG
non-targeting_01861	GGGGGATCATCCTTGACAGG
non-targeting_01035	GAGAGGCCATCACGTTATGG
non-targeting_00250	GCGGGTGGACCATGACTACG
non-targeting_02802	GTAGCGGGTGAGGCAATCTG
non-targeting_00856	GTAGGGCAGAACGCGACCGA
non-targeting_00162	GTGGGCGGCTCGGAGAACTG
non-targeting_02021	GACCCGCCGCAACGCGTGCG
non-targeting_03124	GTGAATGGCCGGGCAGGCCG
non-targeting_03054	GATACCCAGCCAGAACGGTA
non-targeting_00753	GAACCATGCGTGGAAAGTGT
non-targeting_01705	GGGGATAGCGCGCAAGGAAG
non-targeting_00320	GGCGCAGACGCCGACCAGAG
non-targeting_02114	GACATGTGACTGCCCACGAG
non-targeting_03438	GGCCCGGGCGCGCCGGTCAA
non-targeting_00991	GATGGGCTTCGGGATCTCAC
non-targeting_03492	GTAGGCGTACCATCACGCAG
non-targeting_02821	GCTGCACTACTAAACCTCCG
non-targeting_01359	GGTAAGGCGGGCGAGACCAG
non-targeting_02121	GAGCTAAAATCGATTTGGCC
non-targeting_03731	GGTTATGGAGAGACTTACTA
non-targeting_02298	GTTCGGGCCGAAAGCGTCGA
non-targeting_00531	GTTACTACAGGAGCCGAAGG
non-targeting_02273	GTGTGGAGGCAGACTTCGCA
non-targeting_01910	GCCGTAAGCGTGCAAAAATT
non-targeting_00287	GCTGTAACGCGGTCTCTGTG
non-targeting_02097	GCCTCCCAGTGCGCAGCGGA
non-targeting_01987	GGATACTCAGCTGTTTAGGG
non-targeting_00750	GTATTCGGGTAGCGGGTCGC
non-targeting_02037	GTGCGATAGGCCGCAGTCAG
non-targeting_00712	GGCCCTGCACCGTGCGATTG
non-targeting_02908	GAGCTGGGCCGGAACAGGCG
non-targeting_00284	GCACGGACGCGATGACACGC
non-targeting_01796	GCTCAAGGTAGACTTCTCCG
non-targeting_01695	GCTCGGCAGCTAGCTGAGAT
non-targeting_00570	GGTACCGGTGGCGATAAGGA
non-targeting_03649	GCCCGACCGCGTTGGCTTTG
non-targeting_00426	GACTTAGCCTATTTCTTGCG
non-targeting_01295	GAGTACTGGTCTGACCACTG
non-targeting_01197	GTAGCCGGTCGATAGCTGGG
non-targeting_03318	GCGGGGGACTCTGCAATGAG
non-targeting_00234	GGAGCCCCGACGCGCGCGTC
non-targeting_01055	GCGATCCCGTCAACCGTCGC
non-targeting_02748	GGTCGGGATTGTCTCTGACG
non-targeting_00657	GGATACCGCCCAGTTCTATT
non-targeting_01857	GCCGTCCGCGGTGTGGCCAG
non-targeting_00781	GGGGGTCAGTTGACGAGTAC
non-targeting_02046	GGCGGAGCCATATTCGTTAT
non-targeting_02310	GAGATGCGGCACGGTACACA
non-targeting_02205	GTGGTCGCGCTTGTCCAAAG
non-targeting_01636	GCTCACTCGCCCAAGCCGTC
non-targeting_00190	GTGCGCGCCGCCCAATTCTT
non-targeting_03404	GACCAGAGTAGTGACGAACA
non-targeting_00996	GATTCCCAATGTCGTTGGCG
non-targeting_02776	GGAGGTCAGGGCGAGTCGCA
non-targeting_01530	GAGGTAGGCGTGCGCACGAA
non-targeting_01188	GTACGACCACTCGGTGATGG
non-targeting_02180	GCAGGCAGCGGGGTAGCGCT
non-targeting_02777	GTCGCCCGGCTCAAATCCTG
non-targeting_00863	GGGGGATTCACGGGTCAATG
non-targeting_02229	GTGGTGGTGATAATGACATA
non-targeting_01648	GTGGAGTAGTCGGCCCCGGG
non-targeting_03393	GGGGTGGGCGAAAATGACCT
non-targeting_02226	GGGCGTGCTTGACAACGGTG
non-targeting_03262	GGGACTCACGGTCACAGTGG
non-targeting_01269	GTACACAGAGGCGCCGGCCG
non-targeting_01395	GAAGACAGCCAGCAACGACG
non-targeting_03647	GGCCAAAGACCGGTCATCGA
non-targeting_02307	GGGGCCCAGACGCCGCCCTG
non-targeting_03249	GGGAGCCAGATGTACAGCGT
non-targeting_00762	GACCGCGGGGGGCAATCGGA
non-targeting_02779	GCGACCCTACAGCACCGCGT
non-targeting_01273	GGGAAGCCGTCCGTACGAAT
non-targeting_02949	GGCAAGCTGAGACTTCGCAG
non-targeting_00688	GTGCCGATAGGGTGTAGCCA
non-targeting_01278	GGCAATCCGTGTACGTGTCA
non-targeting_02820	GAGGAACCCAGGCGTAATCA
non-targeting_03123	GCAAAAAGCACCCTCAGCCG
non-targeting_00410	GTAGGGTTGCGAGGGGTGCC
non-targeting_01629	GTTATCAGGGTGGCCATCTT
non-targeting_01485	GGCGTGCTTAACTCCACCCG
non-targeting_03037	GCAGGCCGGGCCCGTGGTTG
non-targeting_00306	GATTGTTCAGGCGAGGGTGT
non-targeting_00979	GGAGTTGCGGAACGCCGCAG
non-targeting_00986	GGCTACCCTTAGCACCGAAA
non-targeting_00528	GCATGGGAGGACACCCTCGC
non-targeting_02282	GCGTACGGGACGTGGCGAGA
non-targeting_00599	GCTAGCGGCTAGAGCTACAG
non-targeting_03600	GCCACCTACGGACGTTAAAG
non-targeting_02611	GCCCAGGTATCGGAGCCCCG
non-targeting_01591	GAAGAATGTGAGAGCCGAAA
non-targeting_02649	GCTAGAGGCTGTGCGCAGGG
non-targeting_03269	GTGCTTATTCGCCGTCTGTC
non-targeting_02052	GTGGCTGAGAACGCGCAGCC
non-targeting_00062	GCCCAAAGGGCGGCAAGCAG
non-targeting_03004	GCTCACGCGACACGACTCTC
non-targeting_00176	GGCGTGTCCTGAGCCGTGAA
non-targeting_00483	GCGCGTCAACACGCCATTTA
non-targeting_03203	GCAGTCGCCCGGGACAGCGT
non-targeting_01938	GAAGAGGACGGGCAAGTCTG
non-targeting_00538	GAGTCAGAGATGTGTTCCTG
non-targeting_00006	GTATGGAGGGCTGGATCTGC
non-targeting_03294	GTTGCGGTGATGCAACGCTT
non-targeting_01956	GATGCCCCCCCACTAAGAGG
non-targeting_00501	GCGCTGACCCCTAGAACGAG
non-targeting_01412	GTAGAGCCAGGGCCCCCGAC
non-targeting_02183	GCGACAGGGACGGCGGGTCA
non-targeting_01628	GGCGCCAGGGCTGCGCGACA
non-targeting_01093	GGCCCGGAACGGACGACCAC
non-targeting_03695	GGCCGGGTGGCGCGCTCCAA
non-targeting_00095	GCCGGGGCCTTGGAAAACAC
non-targeting_01139	GGCCAGTTCTCCGAGCCCAG
non-targeting_01086	GGGGAGTGTGGCCGCCCTCT
non-targeting_03525	GCCCAGGTGCTCCGCCGCAT
non-targeting_02416	GGGCGACTGGACCCCGATTG
non-targeting_01723	GGTGAGTGCGTCAATCACTG
non-targeting_02789	GGGAATGCGCTCCGCCGCGA
non-targeting_00689	GTATCTACTCCCCGGCGGCC
non-targeting_01432	GCGGCGAAGAGGAACAATGG
non-targeting_02152	GTAGGTGCAAGAGCTGACAT
non-targeting_02034	GCTGTTAAAACGACCTTAAC
non-targeting_00265	GTCGGTAAGCGACCCCATAG
non-targeting_03198	GATATGGCGCCGGTGGAACG
non-targeting_00461	GCGTTTGACTCACCGAATTG
non-targeting_01342	GATGCGAACTGCACGGAACG
non-targeting_02271	GCCACCTTCGAAGTCCGTAT
non-targeting_02511	GCACTATCAGGCCGCAGCTT
non-targeting_02785	GCACGGGTCCATGGCCTCAA
non-targeting_02462	GGCACAGGAAACGAGAGTTA
non-targeting_01900	GGGGATTTCGGATAGCGCGG
non-targeting_03694	GCTATTGGCGTAAGTTGCGG
non-targeting_01607	GGGCCGGTCAATCAACTTTC
non-targeting_01109	GGAACAGTGTATGCCTGTGG
non-targeting_01800	GATTAACGTGACGCTGCTTG
non-targeting_02790	GAAGGTATTTTTAGCCTGGA
non-targeting_02493	GCAGAGCCAGGGTCCCGGAG
non-targeting_00664	GAGGACCCCCCCACGCTCAG
non-targeting_01923	GCCTGCGGGCCGAAGGCGCA
non-targeting_01008	GCTTTGCCCACAGGACACGA
non-targeting_01436	GTGCGCGCTTATCGGTCCCA
non-targeting_03555	GTGCGGTCGGACCGTTAGAT
non-targeting_01344	GCCATGAGGGCGAGATTACG
non-targeting_00186	GCCACCCGGTGGGTGACGGG
non-targeting_00678	GCGCCGGAATAGCACATCAA
non-targeting_00769	GAGGCATCCCCTGATAAGAA
non-targeting_02610	GCTCGTTCCTGTGCCCGACT
non-targeting_02712	GGCCGACGGTGGGCGCAATC
non-targeting_03735	GCGACTACTCCTGAAGAGTT
non-targeting_02963	GACCTCTTGACGGCCGGGCT
non-targeting_02845	GGAGGGGACTGGCGGAGTAA
non-targeting_03080	GTAGGACGCTTGCCCTCATA
non-targeting_03081	GCCACTGGTGGAAACGACGC
non-targeting_01482	GGGTAATAGGACGACCCGAG
non-targeting_00860	GGCGCTGACTCCGAGCTCCG
non-targeting_01421	GCAGGTGATGCCCCGGATTG
non-targeting_01920	GTACTCATGGTCCCGGATCG
non-targeting_03692	GGCGCTTACAAGGCCGACCG
non-targeting_02340	GGGAGTACCACAACCCCAGT
non-targeting_03155	GTGTTTCTGCGCGAGCGCCA
non-targeting_00843	GAAAGTCGGGAGAATAAACC
non-targeting_03706	GATCCGAACGCCCTCGCACT
non-targeting_00170	GGATGGTTTCGCGTACATAG
non-targeting_00293	GGCGAACGTCGACCAGCCCT
non-targeting_01566	GCGGGGATGTCCACACTCGG
